mean_fit_time,std_fit_time,mean_score_time,std_score_time,param_model__max_depth,param_model__max_features,param_model__min_samples_leaf,param_model__min_samples_split,param_model__n_estimators,params,split0_test_score,split1_test_score,split2_test_score,split3_test_score,split4_test_score,mean_test_score,std_test_score,rank_test_score,split0_train_score,split1_train_score,split2_train_score,split3_train_score,split4_train_score,mean_train_score,std_train_score
14.266894817352295,0.06250014802518059,0.832591962814331,0.055537690527977315,15,sqrt,1,5,500,"{'model__max_depth': 15, 'model__max_features': 'sqrt', 'model__min_samples_leaf': 1, 'model__min_samples_split': 5, 'model__n_estimators': 500}",-0.021332962351571918,-0.021070252744292174,-0.021154712952492914,-0.02095686086346142,-0.02098500290483203,-0.02109995836333009,0.00013554556376405374,1,-0.015258617895585243,-0.015317823620891693,-0.015330443379190612,-0.015354236118306686,-0.01530313666069564,-0.015312851534933974,3.188273759427978e-05
8.624791145324707,0.4341252137510691,0.5050017833709717,0.03272437972435203,15,sqrt,1,5,300,"{'model__max_depth': 15, 'model__max_features': 'sqrt', 'model__min_samples_leaf': 1, 'model__min_samples_split': 5, 'model__n_estimators': 300}",-0.02132601314712271,-0.021071228653331893,-0.021158544172018567,-0.020946738276603257,-0.021004975191674755,-0.021101499888150237,0.00013254793462911561,2,-0.015278111434549943,-0.01534080817682571,-0.015332234400508078,-0.015386237790921973,-0.015314069244482453,-0.01533029220945763,3.529952867588693e-05
16.688891649246216,0.41172458989373273,0.95346040725708,0.05765675721359532,15,sqrt,1,2,500,"{'model__max_depth': 15, 'model__max_features': 'sqrt', 'model__min_samples_leaf': 1, 'model__min_samples_split': 2, 'model__n_estimators': 500}",-0.02137792115849308,-0.02109909852547577,-0.02118647521619853,-0.021006378939250534,-0.021035647949649797,-0.021141104357813544,0.00013354938731034905,3,-0.013268770301679188,-0.013315458421927898,-0.013338753465843955,-0.013336568252865425,-0.01329749175431442,-0.013311408439326178,2.611074091396886e-05
10.162746286392212,0.09060638760468331,0.5463752269744873,0.005845712602522284,15,sqrt,1,2,300,"{'model__max_depth': 15, 'model__max_features': 'sqrt', 'model__min_samples_leaf': 1, 'model__min_samples_split': 2, 'model__n_estimators': 300}",-0.021395178455732036,-0.021127775275804707,-0.021209240067575123,-0.021005253333084,-0.021070852528967003,-0.021161659932232575,0.00013464913574388638,4,-0.013282159179062222,-0.013319152615179911,-0.013357883410855014,-0.013369770166257098,-0.013313331163334257,-0.013328459306937702,3.172236457356395e-05
4.3426271915435795,0.4794121445898417,0.2517996788024902,0.0035627745126186046,15,sqrt,1,5,150,"{'model__max_depth': 15, 'model__max_features': 'sqrt', 'model__min_samples_leaf': 1, 'model__min_samples_split': 5, 'model__n_estimators': 150}",-0.02139347831989619,-0.02115135708691931,-0.021223172085271937,-0.02101257417252978,-0.021078262809996407,-0.021171768894922723,0.0001313775829904967,5,-0.015325132734743785,-0.015378428433278772,-0.015381415063631025,-0.015421781037489951,-0.015354551384884483,-0.015372261730805603,3.196489348690107e-05
4.799316930770874,0.262405647077904,0.2968409061431885,0.025634769334767986,15,sqrt,1,2,150,"{'model__max_depth': 15, 'model__max_features': 'sqrt', 'model__min_samples_leaf': 1, 'model__min_samples_split': 2, 'model__n_estimators': 150}",-0.021411520799333943,-0.02121479566051821,-0.021253874410847473,-0.021072046131408194,-0.0211467538637371,-0.021219798173168984,0.00011411390579205814,6,-0.013334201633268076,-0.013351888945775232,-0.013399765329790824,-0.013365951207557951,-0.013356562717725074,-0.013361673966823431,2.1660320109594816e-05
35.69072146415711,0.08532033208490507,0.7937466621398925,0.00788647583055558,15,1.0,3,2,500,"{'model__max_depth': 15, 'model__max_features': 1.0, 'model__min_samples_leaf': 3, 'model__min_samples_split': 2, 'model__n_estimators': 500}",-0.021597499180178253,-0.021337418792182507,-0.021368878584177006,-0.02111741527388972,-0.021526965180992938,-0.021389635402284085,0.0001669299472546095,7,-0.015187653426300638,-0.015179952803107914,-0.015191338615828828,-0.015234376094912983,-0.015169488150535976,-0.015192561818137268,2.2205421289274166e-05
35.688725280761716,0.04373768429343372,0.7923636913299561,0.005174285487522838,15,1.0,3,5,500,"{'model__max_depth': 15, 'model__max_features': 1.0, 'model__min_samples_leaf': 3, 'model__min_samples_split': 5, 'model__n_estimators': 500}",-0.021597499180178253,-0.021337418792182507,-0.021368878584177006,-0.02111741527388972,-0.021526965180992938,-0.021389635402284085,0.0001669299472546095,7,-0.015187653426300638,-0.015179952803107914,-0.015191338615828828,-0.015234376094912983,-0.015169488150535976,-0.015192561818137268,2.2205421289274166e-05
21.34931011199951,0.326905767626957,0.5042815208435059,0.05218286814156728,15,1.0,3,2,300,"{'model__max_depth': 15, 'model__max_features': 1.0, 'model__min_samples_leaf': 3, 'model__min_samples_split': 2, 'model__n_estimators': 300}",-0.02161031378321451,-0.021344594705936817,-0.021368010970207373,-0.02112173361494185,-0.021546589973775405,-0.02139824860961519,0.00017159859945273747,9,-0.015192133311303405,-0.015187912724756314,-0.015198741223938673,-0.015240384086000452,-0.015178275068683227,-0.015199489282936416,2.149936935937232e-05
21.191663837432863,0.40720186690229043,0.4965980529785156,0.032252430533300736,15,1.0,3,5,300,"{'model__max_depth': 15, 'model__max_features': 1.0, 'model__min_samples_leaf': 3, 'model__min_samples_split': 5, 'model__n_estimators': 300}",-0.02161031378321451,-0.021344594705936817,-0.021368010970207373,-0.02112173361494185,-0.021546589973775405,-0.02139824860961519,0.00017159859945273747,9,-0.015192133311303405,-0.015187912724756314,-0.015198741223938673,-0.015240384086000452,-0.015178275068683227,-0.015199489282936416,2.149936935937232e-05
16.777495765686034,0.43857548089065407,0.9671841621398926,0.06351220394550237,,sqrt,1,5,500,"{'model__max_depth': None, 'model__max_features': 'sqrt', 'model__min_samples_leaf': 1, 'model__min_samples_split': 5, 'model__n_estimators': 500}",-0.021571104734737473,-0.02135627072602753,-0.02150662411239434,-0.021300707687470388,-0.021322083132641674,-0.02141135807865428,0.00010755719668013836,11,-0.013353744496729093,-0.013421060981179032,-0.013412702872427412,-0.013441580121699803,-0.01338708988710854,-0.013403235671828776,3.0291018977573353e-05
10.518259620666504,0.32880862576787695,0.26761822700500487,0.0315040042954002,15,1.0,3,2,150,"{'model__max_depth': 15, 'model__max_features': 1.0, 'model__min_samples_leaf': 3, 'model__min_samples_split': 2, 'model__n_estimators': 150}",-0.021593346261035203,-0.021365298138932048,-0.021381870328611444,-0.02116141518415045,-0.021573398973596326,-0.021415065777265093,0.00015796880133605153,12,-0.015207255793278593,-0.01520560038070001,-0.015214688848269233,-0.015257086938620334,-0.015189589138092947,-0.015214844219792223,2.2650930947992406e-05
10.587711286544799,0.36893711944265006,0.2670475482940674,0.030430350113769662,15,1.0,3,5,150,"{'model__max_depth': 15, 'model__max_features': 1.0, 'model__min_samples_leaf': 3, 'model__min_samples_split': 5, 'model__n_estimators': 150}",-0.021593346261035203,-0.021365298138932048,-0.021381870328611444,-0.02116141518415045,-0.021573398973596326,-0.021415065777265093,0.00015796880133605153,12,-0.015207255793278593,-0.01520560038070001,-0.015214688848269233,-0.015257086938620334,-0.015189589138092947,-0.015214844219792223,2.2650930947992406e-05
16.649282789230348,0.4558419810196557,0.9459694862365723,0.03878100305746016,25,sqrt,1,5,500,"{'model__max_depth': 25, 'model__max_features': 'sqrt', 'model__min_samples_leaf': 1, 'model__min_samples_split': 5, 'model__n_estimators': 500}",-0.02158252286047769,-0.021359182719920454,-0.021493540406022502,-0.021303998393920293,-0.021338781460652437,-0.021415605168198674,0.0001053345755828466,14,-0.013338910381540432,-0.013427370827935494,-0.013416668718927863,-0.01343435344318304,-0.013388034576645634,-0.013401067589646492,3.486138715662127e-05
9.764712524414062,0.38814120688223946,0.5946710109710693,0.047905785065026865,,sqrt,1,5,300,"{'model__max_depth': None, 'model__max_features': 'sqrt', 'model__min_samples_leaf': 1, 'model__min_samples_split': 5, 'model__n_estimators': 300}",-0.021608161063289655,-0.021388742167479626,-0.021523355899141332,-0.02130674563660217,-0.021348939374293295,-0.021435188828161218,0.00011294843121478086,15,-0.013379077333169946,-0.013436808175159312,-0.013420304420252249,-0.013451829278923699,-0.013408021569414131,-0.01341920815538387,2.4942825786114432e-05
9.66825213432312,0.41754237419868284,0.5810118198394776,0.03542945961071183,25,sqrt,1,5,300,"{'model__max_depth': 25, 'model__max_features': 'sqrt', 'model__min_samples_leaf': 1, 'model__min_samples_split': 5, 'model__n_estimators': 300}",-0.02163043223350928,-0.02136799588435124,-0.021501408992444303,-0.021329583345898386,-0.02137224972573652,-0.021440334036387947,0.00011135660900633384,16,-0.013367948767948858,-0.0134333590906161,-0.0134187490147951,-0.013445530960632284,-0.013407713950194584,-0.013414660356837384,2.6644245341994544e-05
38.16843128204346,0.23546762356375364,0.8694583892822265,0.061540099827100604,15,1.0,1,5,500,"{'model__max_depth': 15, 'model__max_features': 1.0, 'model__min_samples_leaf': 1, 'model__min_samples_split': 5, 'model__n_estimators': 500}",-0.02168629185799584,-0.021405710226939427,-0.021410890233429267,-0.021221743739087005,-0.021552335777180753,-0.021455394366926457,0.00015604681089889959,17,-0.013483662462386298,-0.013471682803326274,-0.013512238519938272,-0.013543784380900245,-0.013470488162925422,-0.013496371265895302,2.8073981247191404e-05
23.21992392539978,0.15288416249396053,0.5083002090454102,0.004755843646293487,15,1.0,1,5,300,"{'model__max_depth': 15, 'model__max_features': 1.0, 'model__min_samples_leaf': 1, 'model__min_samples_split': 5, 'model__n_estimators': 300}",-0.021699574131351484,-0.021427578299050197,-0.021417666417778293,-0.0212306579760996,-0.021567093445288774,-0.02146851405391367,0.00015744420451026164,18,-0.01348899295860839,-0.013481062479849292,-0.013515416486718146,-0.013550248666193563,-0.01348251225789321,-0.01350364656985252,2.638831147369969e-05
11.281253719329834,0.28425234783110753,0.31797308921813966,0.012602306750461954,15,1.0,1,5,150,"{'model__max_depth': 15, 'model__max_features': 1.0, 'model__min_samples_leaf': 1, 'model__min_samples_split': 5, 'model__n_estimators': 150}",-0.021704578837717314,-0.021439804027934016,-0.021453771712042498,-0.021264340121352275,-0.021588011168639624,-0.021490101173537147,0.00014859658198295269,19,-0.013502786797534465,-0.01350263641984215,-0.013534099857634891,-0.013567633386378602,-0.01349844634385576,-0.013521120561049173,2.6547374808422795e-05
12.567249536514282,0.0936162271540416,0.7586305618286133,0.06678721674858583,15,sqrt,3,5,500,"{'model__max_depth': 15, 'model__max_features': 'sqrt', 'model__min_samples_leaf': 3, 'model__min_samples_split': 5, 'model__n_estimators': 500}",-0.021685920790228276,-0.021449656965603147,-0.021559845908118755,-0.02139692011306829,-0.02136134048636363,-0.02149073685267642,0.00011841063160880855,20,-0.017480004374726067,-0.017589975270696587,-0.017597605367025503,-0.017586733031716383,-0.017574769488783632,-0.017565817506589636,4.353287588593435e-05
12.551999568939209,0.13372905222635317,0.7509160041809082,0.05649086980041369,15,sqrt,3,2,500,"{'model__max_depth': 15, 'model__max_features': 'sqrt', 'model__min_samples_leaf': 3, 'model__min_samples_split': 2, 'model__n_estimators': 500}",-0.021685920790228276,-0.021449656965603147,-0.021559845908118755,-0.02139692011306829,-0.02136134048636363,-0.02149073685267642,0.00011841063160880855,20,-0.017480004374726067,-0.017589975270696587,-0.017597605367025503,-0.017586733031716383,-0.017574769488783632,-0.017565817506589636,4.353287588593435e-05
5.2578644275665285,0.5281254144227505,0.317462158203125,0.03161075030772436,,sqrt,1,5,150,"{'model__max_depth': None, 'model__max_features': 'sqrt', 'model__min_samples_leaf': 1, 'model__min_samples_split': 5, 'model__n_estimators': 150}",-0.021658730175085638,-0.02144728622477957,-0.021544212496265803,-0.021387419288508753,-0.021427940609264545,-0.02149311775878086,9.752835647011534e-05,22,-0.013412338497636312,-0.013480983295357124,-0.013474841571066178,-0.013485769541466118,-0.013450791137523028,-0.013460944808609751,2.711678012695856e-05
5.261529111862183,0.5669639196416663,0.2849149227142334,0.004054881825835831,25,sqrt,1,5,150,"{'model__max_depth': 25, 'model__max_features': 'sqrt', 'model__min_samples_leaf': 1, 'model__min_samples_split': 5, 'model__n_estimators': 150}",-0.021711814025440014,-0.0214096392388468,-0.02150184688647866,-0.021413175089813153,-0.021442999763308313,-0.021495895000777386,0.00011290438117073013,23,-0.013426096310947315,-0.013478260632007327,-0.013466466252429017,-0.01348125871191934,-0.013446737001115932,-0.013459763781683787,2.0747453865800818e-05
7.668401765823364,0.452695039155799,0.4454774856567383,0.015187625061773402,15,sqrt,3,5,300,"{'model__max_depth': 15, 'model__max_features': 'sqrt', 'model__min_samples_leaf': 3, 'model__min_samples_split': 5, 'model__n_estimators': 300}",-0.02170640106168201,-0.021453145172274285,-0.021589048368488826,-0.021423029695052238,-0.021382354270219665,-0.0215107957135434,0.00011992380372547559,24,-0.017513125900627705,-0.01759755807428103,-0.01760924381769183,-0.017602050165259838,-0.017574409990791455,-0.017579277589730373,3.5072726214128775e-05
7.458956241607666,0.47057342953370795,0.45583243370056153,0.031414918961348064,15,sqrt,3,2,300,"{'model__max_depth': 15, 'model__max_features': 'sqrt', 'model__min_samples_leaf': 3, 'model__min_samples_split': 2, 'model__n_estimators': 300}",-0.02170640106168201,-0.021453145172274285,-0.021589048368488826,-0.021423029695052238,-0.021382354270219665,-0.0215107957135434,0.00011992380372547559,24,-0.017513125900627705,-0.01759755807428103,-0.01760924381769183,-0.017602050165259838,-0.017574409990791455,-0.017579277589730373,3.5072726214128775e-05
13.566685724258424,0.10562178843972728,0.8221307277679444,0.05709709325097396,,sqrt,3,5,500,"{'model__max_depth': None, 'model__max_features': 'sqrt', 'model__min_samples_leaf': 3, 'model__min_samples_split': 5, 'model__n_estimators': 500}",-0.02173393696043312,-0.021496362562772015,-0.02164299817991293,-0.02140693962149118,-0.021387543167801535,-0.021533556098482155,0.0001348072151587465,26,-0.01686345360050257,-0.016977314527689778,-0.01696433552375676,-0.016959171742552286,-0.01695649172750165,-0.01694415342440061,4.0981022648219515e-05
13.588083505630493,0.0917172849280171,0.8495275020599365,0.08598813451246018,,sqrt,3,2,500,"{'model__max_depth': None, 'model__max_features': 'sqrt', 'model__min_samples_leaf': 3, 'model__min_samples_split': 2, 'model__n_estimators': 500}",-0.02173393696043312,-0.021496362562772015,-0.02164299817991293,-0.02140693962149118,-0.021387543167801535,-0.021533556098482155,0.0001348072151587465,26,-0.01686345360050257,-0.016977314527689778,-0.01696433552375676,-0.016959171742552286,-0.01695649172750165,-0.01694415342440061,4.0981022648219515e-05
13.34739646911621,0.07187374194826983,0.8046519756317139,0.047666883589334186,25,sqrt,3,5,500,"{'model__max_depth': 25, 'model__max_features': 'sqrt', 'model__min_samples_leaf': 3, 'model__min_samples_split': 5, 'model__n_estimators': 500}",-0.02173496219534699,-0.02149847837730903,-0.021642388408480817,-0.021405590531348138,-0.0213868064294536,-0.021533645188387712,0.00013531440878453133,28,-0.01686344051030907,-0.016977696830263064,-0.016961746682879315,-0.016957705154442365,-0.01695385223404477,-0.01694288828238772,4.054373119478411e-05
13.435043001174927,0.02348043769704673,0.795281457901001,0.03847507938158162,25,sqrt,3,2,500,"{'model__max_depth': 25, 'model__max_features': 'sqrt', 'model__min_samples_leaf': 3, 'model__min_samples_split': 2, 'model__n_estimators': 500}",-0.02173496219534699,-0.02149847837730903,-0.021642388408480817,-0.021405590531348138,-0.0213868064294536,-0.021533645188387712,0.00013531440878453133,28,-0.01686344051030907,-0.016977696830263064,-0.016961746682879315,-0.016957705154442365,-0.01695385223404477,-0.01694288828238772,4.054373119478411e-05
37.34072260856628,0.15079629181662443,0.8852762222290039,0.06881009876891901,,1.0,3,5,500,"{'model__max_depth': None, 'model__max_features': 1.0, 'model__min_samples_leaf': 3, 'model__min_samples_split': 5, 'model__n_estimators': 500}",-0.021744901541049078,-0.02143746071610307,-0.021534610276509318,-0.021277172773753347,-0.021686212855525525,-0.021536071632588066,0.0001690604536906901,30,-0.014564224413477532,-0.014577930046814942,-0.014574777305410732,-0.014610695547670404,-0.014539454618683344,-0.014573416386411391,2.3021099576551095e-05
37.74310665130615,0.3386306913227219,0.8651323318481445,0.0323901143985842,,1.0,3,2,500,"{'model__max_depth': None, 'model__max_features': 1.0, 'model__min_samples_leaf': 3, 'model__min_samples_split': 2, 'model__n_estimators': 500}",-0.021744901541049078,-0.02143746071610307,-0.021534610276509318,-0.021277172773753347,-0.021686212855525525,-0.021536071632588066,0.0001690604536906901,30,-0.014564224413477532,-0.014577930046814942,-0.014574777305410732,-0.014610695547670404,-0.014539454618683344,-0.014573416386411391,2.3021099576551095e-05
37.396412420272824,0.05207358994258199,0.8423544406890869,0.006593685658751249,25,1.0,3,2,500,"{'model__max_depth': 25, 'model__max_features': 1.0, 'model__min_samples_leaf': 3, 'model__min_samples_split': 2, 'model__n_estimators': 500}",-0.02174503228417485,-0.021437516733615013,-0.021534595060732676,-0.021277062979943757,-0.021686200662554046,-0.02153608154420407,0.00016911771615035022,32,-0.014564283731294961,-0.01457804557317834,-0.014574873291178287,-0.014610867751655952,-0.014539632783195242,-0.014573540626100556,2.3025276365527902e-05
36.72195911407471,0.4337890168493986,0.8921877861022949,0.0654662278657634,25,1.0,3,5,500,"{'model__max_depth': 25, 'model__max_features': 1.0, 'model__min_samples_leaf': 3, 'model__min_samples_split': 5, 'model__n_estimators': 500}",-0.02174503228417485,-0.021437516733615013,-0.021534595060732676,-0.021277062979943757,-0.021686200662554046,-0.02153608154420407,0.00016911771615035022,32,-0.014564283731294961,-0.01457804557317834,-0.014574873291178287,-0.014610867751655952,-0.014539632783195242,-0.014573540626100556,2.3025276365527902e-05
22.295645904541015,0.41976009896399435,0.5179471015930176,0.01740818372418639,25,1.0,3,2,300,"{'model__max_depth': 25, 'model__max_features': 1.0, 'model__min_samples_leaf': 3, 'model__min_samples_split': 2, 'model__n_estimators': 300}",-0.021755535509084732,-0.021449243526603944,-0.021536279243110773,-0.021284791513542376,-0.021703072398837054,-0.021545784438235772,0.0001710338079827946,34,-0.014571379226739277,-0.014585435489815137,-0.014580112691673558,-0.014617587640622046,-0.01454822102440615,-0.014580547214651235,2.2472702456582683e-05
22.246980476379395,0.41554730148310454,0.5538323879241943,0.053376168486112666,25,1.0,3,5,300,"{'model__max_depth': 25, 'model__max_features': 1.0, 'model__min_samples_leaf': 3, 'model__min_samples_split': 5, 'model__n_estimators': 300}",-0.021755535509084732,-0.021449243526603944,-0.021536279243110773,-0.021284791513542376,-0.021703072398837054,-0.021545784438235772,0.0001710338079827946,34,-0.014571379226739277,-0.014585435489815137,-0.014580112691673558,-0.014617587640622046,-0.01454822102440615,-0.014580547214651235,2.2472702456582683e-05
22.7441969871521,0.22616975094443548,0.5292649745941163,0.03182971042536383,,1.0,3,5,300,"{'model__max_depth': None, 'model__max_features': 1.0, 'model__min_samples_leaf': 3, 'model__min_samples_split': 5, 'model__n_estimators': 300}",-0.02175561643415841,-0.021449146050253807,-0.02153633255583378,-0.021284869540540263,-0.02170299746686012,-0.021545792409529276,0.0001710264906478305,36,-0.014571320545554762,-0.014585291462343018,-0.01457998325341314,-0.014617418787476378,-0.014548036223235403,-0.014580410054404542,2.246927120237161e-05
22.586301422119142,0.17492526250926238,0.5121148586273193,0.004292633010335272,,1.0,3,2,300,"{'model__max_depth': None, 'model__max_features': 1.0, 'model__min_samples_leaf': 3, 'model__min_samples_split': 2, 'model__n_estimators': 300}",-0.02175561643415841,-0.021449146050253807,-0.02153633255583378,-0.021284869540540263,-0.02170299746686012,-0.021545792409529276,0.0001710264906478305,36,-0.014571320545554762,-0.014585291462343018,-0.01457998325341314,-0.014617418787476378,-0.014548036223235403,-0.014580410054404542,2.246927120237161e-05
11.348049116134643,0.020427580866345458,0.2608653545379639,0.00774828997724683,25,1.0,3,2,150,"{'model__max_depth': 25, 'model__max_features': 1.0, 'model__min_samples_leaf': 3, 'model__min_samples_split': 2, 'model__n_estimators': 150}",-0.021742094604335915,-0.021471282985258498,-0.02154576751980136,-0.02132441592228316,-0.021734375785139863,-0.02156358736336376,0.0001594202894005792,38,-0.014588633275166948,-0.014602755532312222,-0.014598652926601256,-0.014635486862165262,-0.014562199962087652,-0.01459754571166667,2.3650169533816194e-05
11.306659698486328,0.11817012986423717,0.264766263961792,0.008609880500891445,25,1.0,3,5,150,"{'model__max_depth': 25, 'model__max_features': 1.0, 'model__min_samples_leaf': 3, 'model__min_samples_split': 5, 'model__n_estimators': 150}",-0.021742094604335915,-0.021471282985258498,-0.02154576751980136,-0.02132441592228316,-0.021734375785139863,-0.02156358736336376,0.0001594202894005792,38,-0.014588633275166948,-0.014602755532312222,-0.014598652926601256,-0.014635486862165262,-0.014562199962087652,-0.01459754571166667,2.3650169533816194e-05
11.318594264984132,0.23496370637866473,0.2681433200836182,0.00475531980891552,,1.0,3,5,150,"{'model__max_depth': None, 'model__max_features': 1.0, 'model__min_samples_leaf': 3, 'model__min_samples_split': 5, 'model__n_estimators': 150}",-0.02174221770078888,-0.021471389057984566,-0.021545795089065532,-0.021324608638855224,-0.02173419976876673,-0.021563642051092187,0.00015933944814733515,40,-0.014588555202732802,-0.014602710113548035,-0.014598540798894598,-0.014635368705451205,-0.014562069978337798,-0.014597448959792888,2.365396459663457e-05
11.069702768325806,0.34128357751860905,0.2958234786987305,0.029548218581078964,,1.0,3,2,150,"{'model__max_depth': None, 'model__max_features': 1.0, 'model__min_samples_leaf': 3, 'model__min_samples_split': 2, 'model__n_estimators': 150}",-0.02174221770078888,-0.021471389057984566,-0.021545795089065532,-0.021324608638855224,-0.02173419976876673,-0.021563642051092187,0.00015933944814733515,40,-0.014588555202732802,-0.014602710113548035,-0.014598540798894598,-0.014635368705451205,-0.014562069978337798,-0.014597448959792888,2.365396459663457e-05
8.017360830307007,0.403917999643273,0.48084020614624023,0.03343320990656933,25,sqrt,3,5,300,"{'model__max_depth': 25, 'model__max_features': 'sqrt', 'model__min_samples_leaf': 3, 'model__min_samples_split': 5, 'model__n_estimators': 300}",-0.021748135815714883,-0.02153140852405344,-0.021683776424666484,-0.02145328227940464,-0.02140666759158202,-0.021564654127084297,0.0001313958567234666,42,-0.0168861053837759,-0.017003538929457173,-0.017004853413885315,-0.016983139819512823,-0.016961006961035894,-0.016967728901533422,4.383073589480016e-05
8.177273845672607,0.4616388764199482,0.46614670753479004,0.00436546530111675,25,sqrt,3,2,300,"{'model__max_depth': 25, 'model__max_features': 'sqrt', 'model__min_samples_leaf': 3, 'model__min_samples_split': 2, 'model__n_estimators': 300}",-0.021748135815714883,-0.02153140852405344,-0.021683776424666484,-0.02145328227940464,-0.02140666759158202,-0.021564654127084297,0.0001313958567234666,42,-0.0168861053837759,-0.017003538929457173,-0.017004853413885315,-0.016983139819512823,-0.016961006961035894,-0.016967728901533422,4.383073589480016e-05
8.212248706817627,0.44450029294722715,0.4903259754180908,0.03079549692032985,,sqrt,3,2,300,"{'model__max_depth': None, 'model__max_features': 'sqrt', 'model__min_samples_leaf': 3, 'model__min_samples_split': 2, 'model__n_estimators': 300}",-0.02174604653267192,-0.02152853678784527,-0.02168494894636091,-0.02145500923706164,-0.021412042744553966,-0.02156531684969874,0.00012960598020380428,44,-0.01688596420751895,-0.01700211050859058,-0.01700578703381023,-0.01698412541374153,-0.016964105662892096,-0.01696841856531068,4.3807708941980705e-05
8.091129255294799,0.49515597259420313,0.4877017974853516,0.031373530461714566,,sqrt,3,5,300,"{'model__max_depth': None, 'model__max_features': 'sqrt', 'model__min_samples_leaf': 3, 'model__min_samples_split': 5, 'model__n_estimators': 300}",-0.02174604653267192,-0.02152853678784527,-0.02168494894636091,-0.02145500923706164,-0.021412042744553966,-0.02156531684969874,0.00012960598020380428,44,-0.01688596420751895,-0.01700211050859058,-0.01700578703381023,-0.01698412541374153,-0.016964105662892096,-0.01696841856531068,4.3807708941980705e-05
3.8326098918914795,0.3965372586274104,0.2362210273742676,0.014622271209245146,15,sqrt,3,2,150,"{'model__max_depth': 15, 'model__max_features': 'sqrt', 'model__min_samples_leaf': 3, 'model__min_samples_split': 2, 'model__n_estimators': 150}",-0.02181016434024876,-0.02154964768892093,-0.02164797108482708,-0.021513669439971794,-0.021486177355985344,-0.021601525981990784,0.00011781557359091097,46,-0.017593421913756627,-0.017652855178796053,-0.017708591499595274,-0.017692634700787555,-0.01759781785397495,-0.017649064229382092,4.728321362919423e-05
3.7441070079803467,0.32329119713827004,0.24249691963195802,0.03145238130709963,15,sqrt,3,5,150,"{'model__max_depth': 15, 'model__max_features': 'sqrt', 'model__min_samples_leaf': 3, 'model__min_samples_split': 5, 'model__n_estimators': 150}",-0.02181016434024876,-0.02154964768892093,-0.02164797108482708,-0.021513669439971794,-0.021486177355985344,-0.021601525981990784,0.00011781557359091097,46,-0.017593421913756627,-0.017652855178796053,-0.017708591499595274,-0.017692634700787555,-0.01759781785397495,-0.017649064229382092,4.728321362919423e-05
42.50491056442261,0.1369937500239837,1.0032962799072265,0.07450059955023657,15,1.0,1,2,500,"{'model__max_depth': 15, 'model__max_features': 1.0, 'model__min_samples_leaf': 1, 'model__min_samples_split': 2, 'model__n_estimators': 500}",-0.021846050489488972,-0.021578244462970703,-0.021603568446013247,-0.02138648088444582,-0.02171107556206252,-0.021625083968996255,0.00015219004321417626,48,-0.011977692241760351,-0.011953930447538074,-0.011993671467629736,-0.012020520685548998,-0.011966393831018248,-0.011982441734699081,2.3104544102084972e-05
4.113648462295532,0.4514648432707859,0.2574951648712158,0.02119486821757672,,sqrt,3,5,150,"{'model__max_depth': None, 'model__max_features': 'sqrt', 'model__min_samples_leaf': 3, 'model__min_samples_split': 5, 'model__n_estimators': 150}",-0.021835963701009504,-0.02158259624373084,-0.02173043306181768,-0.021554549212112414,-0.02144780866548594,-0.021630270176831275,0.00013685108763565102,49,-0.016928678631772668,-0.017055770939303598,-0.017041631680083963,-0.017009024224472778,-0.016990999446757835,-0.01700522098447817,4.46239514490402e-05
4.1153233528137205,0.41222891334813966,0.24833483695983888,0.01572951054895808,,sqrt,3,2,150,"{'model__max_depth': None, 'model__max_features': 'sqrt', 'model__min_samples_leaf': 3, 'model__min_samples_split': 2, 'model__n_estimators': 150}",-0.021835963701009504,-0.02158259624373084,-0.02173043306181768,-0.021554549212112414,-0.02144780866548594,-0.021630270176831275,0.00013685108763565102,49,-0.016928678631772668,-0.017055770939303598,-0.017041631680083963,-0.017009024224472778,-0.016990999446757835,-0.01700522098447817,4.46239514490402e-05
4.068954658508301,0.43039790366593517,0.2410557746887207,0.006050939576327432,25,sqrt,3,5,150,"{'model__max_depth': 25, 'model__max_features': 'sqrt', 'model__min_samples_leaf': 3, 'model__min_samples_split': 5, 'model__n_estimators': 150}",-0.021840783250011542,-0.02158259624373084,-0.02173043306181768,-0.021558890956906863,-0.02144560232697838,-0.021631661167889064,0.0001384259332145243,51,-0.016928040518376753,-0.017055770939303598,-0.017041631680083963,-0.017007189668692912,-0.016989977139603943,-0.017004521989212235,4.488132927434383e-05
4.112461042404175,0.4865018553724294,0.2506617546081543,0.021482478048493448,25,sqrt,3,2,150,"{'model__max_depth': 25, 'model__max_features': 'sqrt', 'model__min_samples_leaf': 3, 'model__min_samples_split': 2, 'model__n_estimators': 150}",-0.021840783250011542,-0.02158259624373084,-0.02173043306181768,-0.021558890956906863,-0.02144560232697838,-0.021631661167889064,0.0001384259332145243,51,-0.016928040518376753,-0.017055770939303598,-0.017041631680083963,-0.017007189668692912,-0.016989977139603943,-0.017004521989212235,4.488132927434383e-05
25.57066674232483,0.129037981892538,0.6279788970947265,0.060764430159190364,15,1.0,1,2,300,"{'model__max_depth': 15, 'model__max_features': 1.0, 'model__min_samples_leaf': 1, 'model__min_samples_split': 2, 'model__n_estimators': 300}",-0.021869940709021235,-0.021595122469169024,-0.02161180697490875,-0.021389424039903022,-0.02172279034415704,-0.021637816907431814,0.00015830369073450295,53,-0.011984638309144466,-0.011964835449654376,-0.011999197263576011,-0.012027891348877816,-0.01197728934735589,-0.011990770343721712,2.1637651644233907e-05
12.86542568206787,0.021279825133891962,0.29709320068359374,0.007033625040258757,15,1.0,1,2,150,"{'model__max_depth': 15, 'model__max_features': 1.0, 'model__min_samples_leaf': 1, 'model__min_samples_split': 2, 'model__n_estimators': 150}",-0.021876727911555812,-0.02162950044331118,-0.021640856602105015,-0.02142700429336153,-0.02175353953690038,-0.021665525757446784,0.00014909839341000218,54,-0.012001367110461212,-0.011985810119318211,-0.012025191751641365,-0.012052757480453242,-0.011992917633114629,-0.012011608818997732,2.448482929243945e-05
42.44907283782959,0.2915422021076134,0.939661169052124,0.006369018321209791,25,1.0,1,5,500,"{'model__max_depth': 25, 'model__max_features': 1.0, 'model__min_samples_leaf': 1, 'model__min_samples_split': 5, 'model__n_estimators': 500}",-0.02200789456978283,-0.02171216339734741,-0.021789037754387997,-0.021604482300577346,-0.02194572380973034,-0.021811860366365184,0.00014819908892963103,55,-0.011724984758771739,-0.011732173037169027,-0.01176281482641622,-0.01177498003080768,-0.011701875570595516,-0.011739365644752036,2.6390520118115233e-05
42.406707239151004,0.22707979935970532,1.053182554244995,0.08362068444749043,,1.0,1,5,500,"{'model__max_depth': None, 'model__max_features': 1.0, 'model__min_samples_leaf': 1, 'model__min_samples_split': 5, 'model__n_estimators': 500}",-0.02200868363534372,-0.02171351076714124,-0.021790061850905457,-0.021604404041315157,-0.021948099865657187,-0.02181295203207255,0.00014864762860918444,56,-0.011720919634118846,-0.011729028046916995,-0.011759247278729719,-0.01177147267920342,-0.01169801914117971,-0.011735737356029738,2.652158830295914e-05
25.493001222610474,0.02943089961679244,0.5733646392822266,0.0029008282197770124,25,1.0,1,5,300,"{'model__max_depth': 25, 'model__max_features': 1.0, 'model__min_samples_leaf': 1, 'model__min_samples_split': 5, 'model__n_estimators': 300}",-0.02201771239197725,-0.021732665032365706,-0.02180426339010204,-0.021620622615265834,-0.021958256374332602,-0.021826703960808685,0.000145331812442108,57,-0.011733373302477621,-0.011741543550946108,-0.011766404000992343,-0.011781129211331811,-0.011712698583779177,-0.011747029729905413,2.4221316139731815e-05
25.53828911781311,0.14690457433953327,0.5942388057708741,0.03770412832466358,,1.0,1,5,300,"{'model__max_depth': None, 'model__max_features': 1.0, 'model__min_samples_leaf': 1, 'model__min_samples_split': 5, 'model__n_estimators': 300}",-0.022019886550774873,-0.021735570537196193,-0.021804496600723637,-0.02162100387766606,-0.021961632556148587,-0.02182851802450187,0.00014602724178535448,58,-0.011730064923091695,-0.011737729108130956,-0.011762096068489946,-0.01177675343835219,-0.011708725103753273,-0.011743073728363612,2.3974128895343175e-05
12.700336837768555,0.10121668661643249,0.31349959373474123,0.02852857440850396,25,1.0,1,5,150,"{'model__max_depth': 25, 'model__max_features': 1.0, 'model__min_samples_leaf': 1, 'model__min_samples_split': 5, 'model__n_estimators': 150}",-0.022020229496718436,-0.021756595367284286,-0.021845536738723564,-0.021653012856133958,-0.022001484718031344,-0.021855371835378317,0.0001409465850851797,59,-0.011749158965987494,-0.011762297429875026,-0.011787797556938965,-0.011801228711971317,-0.011736511772958485,-0.011767398887546259,2.3972051184755683e-05
12.726225090026855,0.10613149888405635,0.31814136505126955,0.021118737173193687,,1.0,1,5,150,"{'model__max_depth': None, 'model__max_features': 1.0, 'model__min_samples_leaf': 1, 'model__min_samples_split': 5, 'model__n_estimators': 150}",-0.022024228967006263,-0.021760258985198035,-0.02184212774771004,-0.021652636554786,-0.022005034246859043,-0.021856857300311873,0.00014228421515117293,60,-0.011746032530815794,-0.011759128198461718,-0.011783585916131897,-0.011797641958352482,-0.011731799428169938,-0.011763637606386367,2.407560612801504e-05
22.990892314910887,0.489210840634665,1.3333606719970703,0.0855104423260938,25,sqrt,1,2,500,"{'model__max_depth': 25, 'model__max_features': 'sqrt', 'model__min_samples_leaf': 1, 'model__min_samples_split': 2, 'model__n_estimators': 500}",-0.022189659050369605,-0.022057637470242787,-0.022140511399875103,-0.021925312801166073,-0.02205012631686217,-0.02207264940770315,9.026320398887229e-05,61,-0.008421079657097971,-0.00846611959674436,-0.008455346086630358,-0.008461864686171336,-0.00843736380275328,-0.008448354765879462,1.6803086366952806e-05
23.426033973693848,0.5149428636861105,1.388498020172119,0.10195317815461995,,sqrt,1,2,500,"{'model__max_depth': None, 'model__max_features': 'sqrt', 'model__min_samples_leaf': 1, 'model__min_samples_split': 2, 'model__n_estimators': 500}",-0.022217210488116743,-0.022058330191189395,-0.02213909982710028,-0.021947861391247384,-0.022047458676421654,-0.02208199211481509,9.087221278535132e-05,62,-0.00842111823270231,-0.00845338144408019,-0.008445225023134639,-0.00846704577423544,-0.008424538628063494,-0.008442261820443215,1.736567773672857e-05
13.881604766845703,0.08132991744980789,0.767674732208252,0.010220740600971907,25,sqrt,1,2,300,"{'model__max_depth': 25, 'model__max_features': 'sqrt', 'model__min_samples_leaf': 1, 'model__min_samples_split': 2, 'model__n_estimators': 300}",-0.022210368675714784,-0.02206325189049624,-0.022155810620859463,-0.021949151737229427,-0.022092994139358186,-0.02209431541273162,8.864445987655097e-05,63,-0.008440288502425522,-0.008481212012340615,-0.008476071239517213,-0.008482803714912217,-0.00845675681162503,-0.00846742645616412,1.6441069141828602e-05
14.146559619903565,0.1969653408656499,0.854954195022583,0.05672259811337022,,sqrt,1,2,300,"{'model__max_depth': None, 'model__max_features': 'sqrt', 'model__min_samples_leaf': 1, 'model__min_samples_split': 2, 'model__n_estimators': 300}",-0.022267191204516597,-0.022068622350695403,-0.022152122177413223,-0.02194835315923908,-0.02205711632723727,-0.022098681043820314,0.00010628382059114846,64,-0.008443011690746592,-0.008474892031232313,-0.008455896961773074,-0.008491865954757044,-0.008443723971482617,-0.008461878121998329,1.8920473746071196e-05
6.9632463455200195,0.49451729862700733,0.416779613494873,0.031006493892364075,,sqrt,1,2,150,"{'model__max_depth': None, 'model__max_features': 'sqrt', 'model__min_samples_leaf': 1, 'model__min_samples_split': 2, 'model__n_estimators': 150}",-0.02231143635672487,-0.022099177588245682,-0.022210957113981494,-0.022005638891881975,-0.0221005113382741,-0.022145544257821625,0.00010540433913151884,65,-0.008496189940278068,-0.008528031183217861,-0.008498246440006695,-0.008541460715388912,-0.00849224475476242,-0.008511234606730792,1.975546287792695e-05
7.014154481887817,0.5316659045942329,0.4087411403656006,0.03382882105148001,25,sqrt,1,2,150,"{'model__max_depth': 25, 'model__max_features': 'sqrt', 'model__min_samples_leaf': 1, 'model__min_samples_split': 2, 'model__n_estimators': 150}",-0.022235868414966196,-0.02211700418942373,-0.02223056547586578,-0.022030582875602382,-0.02218184514924827,-0.022159173221021275,7.720974979416382e-05,66,-0.008466895217698216,-0.0085384901327244,-0.008515643923039305,-0.008528997605044993,-0.008490077065150719,-0.008508020788731526,2.6229028695091827e-05
52.175247001647946,0.26547316638761925,1.3235789299011231,0.06470365848975197,25,1.0,1,2,500,"{'model__max_depth': 25, 'model__max_features': 1.0, 'model__min_samples_leaf': 1, 'model__min_samples_split': 2, 'model__n_estimators': 500}",-0.022410944130401247,-0.02218346379347964,-0.022245151639379186,-0.022039034136905465,-0.022377615103333373,-0.022251241760699782,0.00013500969345293327,67,-0.008492244308195902,-0.008482654877241355,-0.00851320750755784,-0.008513458420741625,-0.008477934332657821,-0.008495899889278907,1.4962690394787145e-05
52.59674644470215,0.11833473116637476,1.368856716156006,0.08211251248948473,,1.0,1,2,500,"{'model__max_depth': None, 'model__max_features': 1.0, 'model__min_samples_leaf': 1, 'model__min_samples_split': 2, 'model__n_estimators': 500}",-0.022414383224726792,-0.022191215499820532,-0.022245911075716284,-0.022047470527110133,-0.022379025655713407,-0.02225560119661743,0.00013266734454138554,68,-0.008483509771581535,-0.008472216302583957,-0.008499612610100305,-0.008500678170426573,-0.008464973060632694,-0.008484197983065014,1.4302721746815089e-05
31.478915882110595,0.36126502232923463,0.822660255432129,0.05315590731824401,25,1.0,1,2,300,"{'model__max_depth': 25, 'model__max_features': 1.0, 'model__min_samples_leaf': 1, 'model__min_samples_split': 2, 'model__n_estimators': 300}",-0.022426729639061824,-0.02220306338546395,-0.022264789548355174,-0.022045963305211243,-0.022377949576104776,-0.022263699090839396,0.000134698836850331,69,-0.008503518530454968,-0.008488209407439884,-0.008518133882260715,-0.008521724469230703,-0.008486612134124993,-0.008503639684702252,1.4595799448543542e-05
31.45575761795044,0.5096586961490993,0.8351552963256836,0.0650378913565621,,1.0,1,2,300,"{'model__max_depth': None, 'model__max_features': 1.0, 'model__min_samples_leaf': 1, 'model__min_samples_split': 2, 'model__n_estimators': 300}",-0.02242888063992647,-0.02221004841001855,-0.022259670798169987,-0.02205156466333369,-0.022384922943969068,-0.022267017491083556,0.00013403040390378042,70,-0.008494511786536893,-0.008477059777136847,-0.008503102466417042,-0.008510793485824949,-0.008476191836089966,-0.00849233187040114,1.3822637644042243e-05
15.651074123382568,0.24914853448805271,0.4239791393280029,0.03071017157205025,25,1.0,1,2,150,"{'model__max_depth': 25, 'model__max_features': 1.0, 'model__min_samples_leaf': 1, 'model__min_samples_split': 2, 'model__n_estimators': 150}",-0.022448944085043457,-0.022221429655865627,-0.022291905974123092,-0.02209170770975747,-0.022415238583424917,-0.022293845201642914,0.0001303068334907269,71,-0.008527881052602982,-0.008517016600308815,-0.00854049447154971,-0.00854855909666192,-0.008515723408235285,-0.008529934925871743,1.2895212342819663e-05
16.142414999008178,0.6821914294832756,0.4103640079498291,0.014645946984958448,,1.0,1,2,150,"{'model__max_depth': None, 'model__max_features': 1.0, 'model__min_samples_leaf': 1, 'model__min_samples_split': 2, 'model__n_estimators': 150}",-0.022452989403225137,-0.02222209249025879,-0.022286713807756913,-0.022101600281861082,-0.022429032748993633,-0.02229848574641911,0.0001308833787220517,72,-0.008519997919926052,-0.00850601076005295,-0.008528666870747794,-0.008539468320136207,-0.008505030492464922,-0.008519834872665584,1.3219521903363686e-05
